Flavor,Value,Rank
Sulfurous,1.429767129,5
Malty,1.262305557,5
Savory,0.937953579,7
Nutty,0.713118334,12
Caramel,0.652346249,14
Roasted,0.64048554,14
Green,0.528281017,15
Sweet,0.417878208,13
Fruity,0.349403663,19
Meaty,0.340411365,17
Citrus,-0.734052047,36